Project,Accuracy,Precision,Recall,F1
caffe,0.896551724137931,0.9464285714285714,0.625,0.6716981132075472
