Project,Accuracy,Precision,Recall,F1
incubator-mxnet,0.9615384615384616,0.9174603174603174,0.9174603174603174,0.9174603174603174
