Project,Accuracy,Precision,Recall,F1
keras,0.8656716417910447,0.8428150021070375,0.7547760726589414,0.7852564102564102
