Project,Accuracy,Precision,Recall,F1
pytorch,0.9139072847682119,0.7860389610389611,0.7039351851851852,0.7356228956228956
