Project,Accuracy,Precision,Recall,F1
tensorflow,0.8993288590604027,0.9010511054729975,0.7483726150392817,0.7961696306429549
